Date,Actual,Prob_UP,Predicted,Close,Next_Open,Next_Close,Next_Day_Trade_Return,Strategy_Return_Gross,Transaction_Cost,Strategy_Return_Net,Always_Trade_Return,Strategy_Equity,Always_Trade_Equity
2025-02-28,0,0.5700364316894241,1,1200.0999755859375,1204.0,1171.25,-0.027200996677740896,-0.027200996677740896,0.001,-0.028200996677740897,-0.027200996677740896,0.9717990033222591,0.9190903778674473
2025-03-05,1,0.5764859371065142,1,1175.5999755859375,1197.0,1209.5999755859375,0.010526295393431528,0.010526295393431528,0.001,0.009526295393431528,0.010526295393431528,0.9810566476909494,0.9402018361887012
2025-03-18,1,0.5583388165998258,1,1238.8499755859375,1241.050048828125,1247.1500244140625,0.004915172914821131,0.004915172914821131,0.001,0.003915172914821131,0.004915172914821131,0.9848976541058942,0.9589741616393483
2025-03-20,1,0.5760779920043969,1,1269.1500244140625,1275.0,1276.3499755859375,0.0010588043811274872,0.0010588043811274872,0.001,5.880438112748718e-05,0.0010588043811274872,0.9849555704029179,0.9599895276830801
2025-03-21,1,0.5548158914862941,1,1276.3499755859375,1291.0,1302.0999755859375,0.008597967146349639,0.008597967146349639,0.001,0.007597967146349639,0.008597967146349639,0.9924392304674535,0.968243486102939
2025-03-27,0,0.5613466736995916,1,1278.199951171875,1280.0,1275.0999755859375,-0.003828144073486306,-0.003828144073486306,0.001,-0.004828144073486306,-0.003828144073486306,0.9876475908785768,0.9349795583199157
2025-04-15,0,0.5857098838115364,1,1240.0999755859375,1234.0999755859375,1239.300048828125,0.004213656385268605,0.004213656385268605,0.001,0.003213656385268605,0.004213656385268605,0.990821550865399,0.9757185805646016
2025-04-23,1,0.5682113621652483,1,1300.0,1292.4000244140625,1301.5999755859375,0.0071185012365238,0.0071185012365238,0.001,0.0061185012365238,0.0071185012365238,0.9968838937495436,1.025511419261062
2025-04-25,1,0.5554268307422486,1,1300.4000244140625,1340.0,1368.800048828125,0.021492573752332156,0.021492573752332156,0.001,0.020492573752332155,0.021492573752332156,1.0173126104647183,1.045061016716565
2025-04-28,1,0.5688240526113043,1,1368.800048828125,1371.0,1399.699951171875,0.020933589476203496,0.020933589476203496,0.001,0.019933589476203495,0.020933589476203496,1.0375913024106869,1.0669378950180934
2025-05-12,0,0.5681260745115431,1,1436.5,1433.5,1415.699951171875,-0.012417194857429315,-0.012417194857429315,0.001,-0.013417194857429315,-0.012417194857429315,1.0236697377238688,1.0649264557682967
2025-05-13,1,0.5623734074647896,1,1415.699951171875,1420.0,1424.4000244140625,0.003098608742297504,0.003098608742297504,0.001,0.002098608742297504,0.003098608742297504,1.0258180199846816,1.0682262461940442
2025-05-15,1,0.562145040240068,1,1454.199951171875,1453.199951171875,1456.4000244140625,0.0022020873587333956,0.0022020873587333956,0.001,0.0012020873587333955,0.0022020873587333956,1.0270511428588662,1.0925160067441793
2025-05-23,1,0.5736674961799466,1,1426.800048828125,1432.0,1434.800048828125,0.0019553413604225245,0.0019553413604225245,0.001,0.0009553413604225245,0.0019553413604225245,1.0280323272949086,1.0862808633181793
2025-06-16,0,0.5767769235668232,1,1437.800048828125,1448.0,1431.199951171875,-0.01160224366583218,-0.01160224366583218,0.001,-0.01260224366583218,-0.01160224366583218,1.0150768134099857,1.069452984964846
2025-06-20,0,0.5938522030540149,1,1466.199951171875,1453.0,1456.800048828125,0.00261531233869583,0.00261531233869583,0.001,0.0016153123386958299,0.00261531233869583,1.016716479511411,1.101160628942756
2025-06-26,1,0.5805240753909529,1,1495.300048828125,1499.4000244140625,1515.4000244140625,0.010670934866932935,0.010670934866932935,0.001,0.009670934866932934,0.010670934866932935,1.0265490783629032,1.1243078412692211
2025-07-03,1,0.5515464159441641,1,1517.800048828125,1524.0,1527.300048828125,0.0021653863701607268,0.0021653863701607268,0.001,0.0011653863701607267,0.0021653863701607268,1.0277454046671286,1.1282339664589096
2025-07-24,0,0.5579449277228833,1,1402.9000244140625,1398.9000244140625,1391.699951171875,-0.005146953403766807,-0.005146953403766807,0.001,-0.0061469534037668075,-0.005146953403766807,1.0214279015537042,1.0436941834272222
2025-07-28,1,0.5921996749023539,1,1387.5999755859375,1383.0,1417.0999755859375,0.024656526092507125,0.024656526092507125,0.001,0.023656526092507124,0.024656526092507125,1.0455913373584242,1.065817921972188
2025-09-25,1,0.554086899531977,1,1372.4000244140625,1372.0,1377.5999755859375,0.0040816148585549605,0.0040816148585549605,0.001,0.0030816148585549605,0.0040816148585549605,1.0488134471596045,1.0279964242035537
2025-10-01,0,0.5511749536392024,1,1368.699951171875,1363.199951171875,1363.4000244140625,0.00014676734841101435,0.00014676734841101435,0.001,-0.0008532326515889857,0.00014676734841101435,1.0479185652810623,1.013138794859427
2025-10-06,1,0.5634699028751363,1,1375.0,1376.0,1384.800048828125,0.006395384322765318,0.006395384322765318,0.001,0.005395384322765318,0.006395384322765318,1.0535724886797146,1.0308639958707189
2025-10-16,1,0.5960330154071743,1,1398.300048828125,1401.0,1416.800048828125,0.011277693667469668,0.011277693667469668,0.001,0.010277693667469667,0.011277693667469668,1.0644007839748384,1.041455900651958
2025-11-26,0,0.5572111226182002,1,1569.9000244140625,1575.0,1563.4000244140625,-0.007365063864087307,-0.007365063864087307,0.001,-0.008365063864087308,-0.007365063864087307,1.0554970034399043,1.0804152354493932
2025-12-22,0,0.5554495896218302,1,1575.4000244140625,1580.9000244140625,1570.699951171875,-0.006452067230480307,-0.006452067230480307,0.001,-0.007452067230480307,-0.006452067230480307,1.0476313688086996,1.0785983246247646
2025-12-31,1,0.5597130094769769,1,1570.4000244140625,1573.699951171875,1575.5999755859375,0.0012073612969534242,0.0012073612969534242,0.001,0.00020736129695342418,0.0012073612969534242,1.047848607008065,1.0819136943990464
2026-01-19,0,0.5560525807388372,1,1413.5999755859375,1410.699951171875,1394.0,-0.011838060360037761,-0.011838060360037761,0.001,-0.012838060360037762,-0.011838060360037761,1.034396263343114,1.0022416380883468
2026-01-20,1,0.5909114409758993,1,1394.0,1389.5,1404.5999755859375,0.01086720085349957,0.01086720085349957,0.001,0.00986720085349957,0.01086720085349957,1.04460285903563,1.0131331992731933
2026-01-23,0,0.5862724611187532,1,1386.0999755859375,1380.0,1380.5,0.00036231884057968955,0.00036231884057968955,0.001,-0.0006376811594203105,0.00036231884057968955,1.0439367354733464,0.9967478819494605
2026-01-27,1,0.5867163220609051,1,1380.5,1385.0,1396.699951171875,0.008447618174638905,0.008447618174638905,0.001,0.0074476181746389045,0.008447618174638905,1.0517115776776311,1.0051680274725496
2026-02-03,1,0.5787499854919566,1,1437.0999755859375,1444.0,1456.800048828125,0.008864299742468829,0.008864299742468829,0.001,0.007864299742468828,0.008864299742468829,1.0599825527671127,1.0266630527714624
2026-02-16,0,0.5600243429342158,1,1437.0999755859375,1431.0999755859375,1423.0,-0.005659964869065948,-0.005659964869065948,0.001,-0.006659964869065948,-0.005659964869065948,1.0529231062038609,0.9972038837257248
2026-03-06,1,0.5639080628349302,1,1404.800048828125,1375.0,1424.0,0.03563636363636369,0.03563636363636369,0.001,0.03463636363636369,0.03563636363636369,1.0893925337914672,1.0390211630137574
2026-03-13,1,0.5556157779528482,1,1380.699951171875,1380.0,1395.0999755859375,0.010942011294157616,0.010942011294157616,0.001,0.009942011294157616,0.010942011294157616,1.100223286666193,1.007507560295597
2026-04-01,0,0.5614493565494163,1,1369.199951171875,1357.0,1350.5,-0.004789977892409758,-0.004789977892409758,0.001,-0.005789977892409758,-0.004789977892409758,1.0938530181596813,0.9713726728678235
2026-04-08,0,0.5977309177120786,1,1347.800048828125,1346.0,1330.0,-0.011887072808320909,-0.011887072808320909,0.001,-0.01288707280832091,-0.011887072808320909,1.0797564546730558,0.9274804578637855
2026-04-09,1,0.6635836807247095,1,1330.0,1337.0,1350.199951171875,0.00987281314276367,0.00987281314276367,0.001,0.00887281314276367,0.00987281314276367,1.0893369319350628,0.9366372991178396
2026-04-10,0,0.627498206701177,1,1350.199951171875,1321.199951171875,1315.0999755859375,-0.004616996526927597,-0.004616996526927597,0.001,-0.005616996526927597,-0.004616996526927597,1.0832181301717296,0.9323128479608216
2026-04-13,1,0.6096356130604519,1,1315.0999755859375,1337.0,1344.0999755859375,0.005310378149541828,0.005310378149541828,0.001,0.004310378149541828,0.005310378149541828,1.0878872099312096,0.9372637817371698
2026-04-15,0,0.5989417811703034,1,1344.0999755859375,1352.0,1343.300048828125,-0.006434875127126483,-0.006434875127126483,0.001,-0.007434875127126483,-0.006434875127126483,1.079798904372973,0.9312326063405129
2026-04-16,1,0.6374643056903304,1,1343.300048828125,1340.0,1365.0,0.018656716417910557,0.018656716417910557,0.001,0.017656716417910556,0.018656716417910557,1.098864607415857,0.9486063489961195
2026-04-17,0,0.6308261944403061,1,1365.0,1363.199951171875,1363.300048828125,7.342844764912648e-05,7.342844764912648e-05,0.001,-0.0009265715523508735,7.342844764912648e-05,1.0978464307307403,0.9486760036877564
2026-04-20,0,0.592260975633566,1,1363.300048828125,1359.0,1353.300048828125,-0.004194224556199444,-0.004194224556199444,0.001,-0.005194224556199444,-0.004194224556199444,1.0921439698413027,0.9446970434972121
2026-04-21,1,0.6118977534700133,1,1353.300048828125,1350.300048828125,1362.0999755859375,0.008738744228035333,0.008738744228035333,0.001,0.007738744228035333,0.008738744228035333,1.1005957926840957,0.9529525093333153
2026-04-22,0,0.5772977452559371,1,1362.0999755859375,1346.0,1343.4000244140625,-0.0019316311931184549,-0.0019316311931184549,0.001,-0.002931631193118455,-0.0019316311931184549,1.097369251727248,0.9511117565407265
2026-04-24,1,0.5635986121430343,1,1327.800048828125,1313.0,1365.800048828125,0.04021328928265433,0.04021328928265433,0.001,0.03921328928265433,0.04021328928265433,1.1404007096451185,0.980351527124125
2026-04-27,1,0.5568426799758996,1,1365.800048828125,1358.0,1388.9000244140625,0.022754068051592524,0.022754068051592524,0.001,0.021754068051592523,0.022754068051592524,1.1652090642888226,1.00265851248679
2026-05-19,1,0.5608612667315448,1,1322.699951171875,1318.699951171875,1359.699951171875,0.031091227358858164,0.031091227358858164,0.001,0.030091227358858164,0.031091227358858164,1.2002716351629399,0.9866198982979739
2026-06-12,1,0.5537334841136292,1,1293.0,1315.300048828125,1307.0,-0.006310384338174435,-0.006310384338174435,0.001,-0.007310384338174435,-0.006310384338174435,1.1914971881996896,0.9556486000517599
2026-06-24,1,0.5699684962565055,1,1313.5999755859375,1318.0,1318.0999755859375,7.585401057474961e-05,7.585401057474961e-05,0.001,-0.0009241459894252504,7.585401057474961e-05,1.1903960708518033,0.9506834749820683
