Threshold,Accuracy,Balanced_Accuracy,Precision,Recall,F1,Predicted_UP
0.3,0.5373831775700935,0.5330325067905021,0.5564516129032258,0.6106194690265486,0.5822784810126582,248
0.35,0.5257009345794392,0.5285420134933847,0.5595854922279793,0.4778761061946903,0.5155131264916468,193
0.4,0.5210280373831776,0.5285858231840883,0.5668789808917197,0.3938053097345133,0.46475195822454307,157
0.45,0.5163551401869159,0.5267896258652414,0.5703703703703704,0.3407079646017699,0.4265927977839335,135
0.5,0.4976635514018692,0.5117190922632087,0.5514018691588785,0.2610619469026549,0.35435435435435436,107
0.55,0.4742990654205608,0.4916980636116709,0.5061728395061729,0.18141592920353983,0.2671009771986971,81
0.6,0.4672897196261682,0.48926662577762203,0.4782608695652174,0.09734513274336283,0.16176470588235295,46
0.65,0.4742990654205608,0.4990580916498729,0.52,0.05752212389380531,0.10358565737051793,25
0.7,0.4649532710280374,0.49204854113729957,0.2857142857142857,0.008849557522123894,0.017167381974248927,7
