Feature,Importance
Close_SMA20_Ratio,0.05046712
High_Low_Range,0.0501115
Volatility_10,0.04970616
Open_Close_Change,0.048767798
Return_10D,0.046405584
Volume_Ratio_5,0.044884842
EMA_12,0.044831328
Volatility_20,0.04469861
Return_Lag_1,0.044123713
EMA_26,0.044098213
Volume_Change,0.04392382
MACD,0.043617703
Return_Lag_2,0.042592432
Return_Lag_5,0.042515595
Return_20D,0.042284757
Close_SMA10_Ratio,0.041911583
Return_Lag_3,0.041463934
Return_5D,0.040954247
RSI_14,0.04089633
MACD_Hist,0.039587095
Close_SMA5_Ratio,0.03889928
Volatility_5,0.03682676
MACD_Signal,0.03643165
